ID,Case
bus_0001-l,1
bus_0001-r,1
bus_0002-l,2
bus_0002-r,2
bus_0003-l,3
bus_0003-r,3
bus_0004-l,4
bus_0004-r,4
bus_0005-l,5
bus_0005-r,5
bus_0006-s,6
bus_0007-l,7
bus_0007-r,7
bus_0008-l,8
bus_0008-r,8
bus_0009-l,9
bus_0009-r,9
bus_0010-l,10
bus_0010-r,10
bus_0011-l,11
bus_0011-r,11
bus_0012-l,12
bus_0012-r,12
bus_0013-l,13
bus_0013-r,13
bus_0014-s,14
bus_0015-s,15
bus_0016-l,16
bus_0016-r,16
bus_0017-s,17
bus_0018-s,18
bus_0019-l,19
bus_0019-r,19
bus_0020-l,20
bus_0020-r,20
bus_0021-l,21
bus_0021-r,21
bus_0022-l,22
bus_0022-r,22
bus_0023-l,23
bus_0023-r,23
bus_0024-l,24
bus_0024-r,24
bus_0025-l,25
bus_0025-r,25
bus_0026-s,26
bus_0027-l,27
bus_0027-r,27
bus_0028-l,28
bus_0028-r,28
bus_0029-s,29
bus_0030-s,30
bus_0031-s,31
bus_0032-l,32
bus_0032-r,32
bus_0033-l,33
bus_0033-r,33
bus_0034-l,34
bus_0034-r,34
bus_0035-l,35
bus_0035-r,35
bus_0036-l,36
bus_0036-r,36
bus_0037-s,37
bus_0038-s,38
bus_0039-l,39
bus_0039-r,39
bus_0040-s,40
bus_0041-l,41
bus_0041-r,41
bus_0042-l,42
bus_0042-r,42
bus_0043-s,43
bus_0044-l,44
bus_0044-r,44
bus_0045-l,45
bus_0045-r,45
bus_0046-l,46
bus_0046-r,46
bus_0047-l,47
bus_0047-r,47
bus_0048-l,48
bus_0048-r,48
bus_0049-l,49
bus_0049-r,49
bus_0050-l,50
bus_0050-r,50
bus_0051-l,51
bus_0051-r,51
bus_0052-l,52
bus_0052-r,52
bus_0053-l,53
bus_0053-r,53
bus_0054-s,54
bus_0055-l,55
bus_0055-r,55
bus_0056-l,56
bus_0056-r,56
bus_0057-l,57
bus_0057-r,57
bus_0058-l,58
bus_0058-r,58
bus_0059-l,59
bus_0059-r,59
bus_0060-l,60
bus_0060-r,60
bus_0061-l,61
bus_0061-r,61
bus_0062-l,62
bus_0062-r,62
bus_0063-s,63
bus_0064-s,64
bus_0065-l,65
bus_0065-r,65
bus_0066-l,66
bus_0066-r,66
bus_0067-l,67
bus_0067-r,67
bus_0068-l,68
bus_0068-r,68
bus_0069-l,69
bus_0069-r,69
bus_0070-l,70
bus_0070-r,70
bus_0071-l,71
bus_0071-r,71
bus_0072-l,72
bus_0072-r,72
bus_0073-l,73
bus_0073-r,73
bus_0074-s,74
bus_0075-l,75
bus_0075-r,75
bus_0076-l,76
bus_0076-r,76
bus_0077-s,77
bus_0078-s,78
bus_0079-l,79
bus_0079-r,79
bus_0080-l,80
bus_0080-r,80
bus_0081-s,81
bus_0082-s,82
bus_0083-l,83
bus_0083-r,83
bus_0084-l,84
bus_0084-r,84
bus_0085-l,85
bus_0085-r,85
bus_0086-l,86
bus_0086-r,86
bus_0087-l,87
bus_0087-r,87
bus_0088-s,88
bus_0089-s,89
bus_0090-l,90
bus_0090-r,90
bus_0091-l,91
bus_0091-r,91
bus_0092-l,92
bus_0092-r,92
bus_0093-s,93
bus_0094-l,94
bus_0094-r,94
bus_0095-s,95
bus_0096-s,96
bus_0097-l,97
bus_0097-r,97
bus_0098-l,98
bus_0098-r,98
bus_0099-l,99
bus_0099-r,99
bus_0100-l,100
bus_0100-r,100
bus_0101-l,101
bus_0101-r,101
bus_0102-l,102
bus_0102-r,102
bus_0103-s,103
bus_0104-s,104
bus_0105-l,105
bus_0105-r,105
bus_0106-l,106
bus_0106-r,106
bus_0107-l,107
bus_0107-r,107
bus_0108-l,108
bus_0108-r,108
bus_0109-s,109
bus_0110-l,110
bus_0110-r,110
bus_0111-l,111
bus_0111-r,111
bus_0112-l,112
bus_0112-r,112
bus_0113-s,113
bus_0114-s,114
bus_0115-l,115
bus_0115-r,115
bus_0116-l,116
bus_0116-r,116
bus_0117-l,117
bus_0117-r,117
bus_0118-l,118
bus_0118-r,118
bus_0119-l,119
bus_0119-r,119
bus_0120-l,120
bus_0120-r,120
bus_0121-s,121
bus_0122-s,122
bus_0123-l,123
bus_0123-r,123
bus_0124-l,124
bus_0124-r,124
bus_0125-l,125
bus_0125-r,125
bus_0126-s,126
bus_0127-s,127
bus_0128-s,128
bus_0129-l,129
bus_0129-r,129
bus_0130-l,130
bus_0130-r,130
bus_0131-l,131
bus_0131-r,131
bus_0132-l,132
bus_0132-r,132
bus_0133-l,133
bus_0133-r,133
bus_0134-l,134
bus_0134-r,134
bus_0135-l,135
bus_0135-r,135
bus_0136-l,136
bus_0136-r,136
bus_0137-l,137
bus_0137-r,137
bus_0138-s,138
bus_0139-l,139
bus_0139-r,139
bus_0140-l,140
bus_0140-r,140
bus_0141-l,141
bus_0141-r,141
bus_0142-l,142
bus_0142-r,142
bus_0143-l,143
bus_0143-r,143
bus_0144-l,144
bus_0144-r,144
bus_0145-l,145
bus_0145-r,145
bus_0146-l,146
bus_0146-r,146
bus_0147-l,147
bus_0147-r,147
bus_0148-l,148
bus_0148-r,148
bus_0149-l,149
bus_0149-r,149
bus_0150-l,150
bus_0150-r,150
bus_0151-l,151
bus_0151-r,151
bus_0152-l,152
bus_0152-r,152
bus_0153-l,153
bus_0153-r,153
bus_0154-l,154
bus_0154-r,154
bus_0155-l,155
bus_0155-r,155
bus_0156-l,156
bus_0156-r,156
bus_0157-l,157
bus_0157-r,157
bus_0158-l,158
bus_0158-r,158
bus_0159-l,159
bus_0159-r,159
bus_0160-l,160
bus_0160-r,160
bus_0161-l,161
bus_0161-r,161
bus_0162-l,162
bus_0162-r,162
bus_0163-l,163
bus_0163-r,163
bus_0164-l,164
bus_0164-r,164
bus_0165-l,165
bus_0165-r,165
bus_0166-l,166
bus_0166-r,166
bus_0167-l,167
bus_0167-r,167
bus_0168-l,168
bus_0168-r,168
bus_0169-l,169
bus_0169-r,169
bus_0170-l,170
bus_0170-r,170
bus_0171-l,171
bus_0171-r,171
bus_0172-l,172
bus_0172-r,172
bus_0173-l,173
bus_0173-r,173
bus_0174-l,174
bus_0174-r,174
bus_0175-l,175
bus_0175-r,175
bus_0176-l,176
bus_0176-r,176
bus_0177-l,177
bus_0177-r,177
bus_0178-l,178
bus_0178-r,178
bus_0179-l,179
bus_0179-r,179
bus_0180-l,180
bus_0180-r,180
bus_0181-s,181
bus_0182-l,182
bus_0182-r,182
bus_0183-l,183
bus_0183-r,183
bus_0184-l,184
bus_0184-r,184
bus_0185-l,185
bus_0185-r,185
bus_0186-l,186
bus_0186-r,186
bus_0187-l,187
bus_0187-r,187
bus_0188-l,188
bus_0188-r,188
bus_0189-l,189
bus_0189-r,189
bus_0190-l,190
bus_0190-r,190
bus_0191-l,191
bus_0191-r,191
bus_0192-l,192
bus_0192-r,192
bus_0193-l,193
bus_0193-r,193
bus_0194-l,194
bus_0194-r,194
bus_0195-l,195
bus_0195-r,195
bus_0196-l,196
bus_0196-r,196
bus_0197-l,197
bus_0197-r,197
bus_0198-l,198
bus_0198-r,198
bus_0199-l,199
bus_0199-r,199
bus_0200-s,200
bus_0201-s,201
bus_0202-l,202
bus_0202-r,202
bus_0203-l,203
bus_0203-r,203
bus_0204-l,204
bus_0204-r,204
bus_0205-l,205
bus_0205-r,205
bus_0206-l,206
bus_0206-r,206
bus_0207-l,207
bus_0207-r,207
bus_0208-l,208
bus_0208-r,208
bus_0209-l,209
bus_0209-r,209
bus_0210-l,210
bus_0210-r,210
bus_0211-l,211
bus_0211-r,211
bus_0212-l,212
bus_0212-r,212
bus_0213-l,213
bus_0213-r,213
bus_0214-l,214
bus_0214-r,214
bus_0215-l,215
bus_0215-r,215
bus_0216-l,216
bus_0216-r,216
bus_0217-l,217
bus_0217-r,217
bus_0218-l,218
bus_0218-r,218
bus_0219-l,219
bus_0219-r,219
bus_0220-l,220
bus_0220-r,220
bus_0221-l,221
bus_0221-r,221
bus_0222-l,222
bus_0222-r,222
bus_0223-l,223
bus_0223-r,223
bus_0224-l,224
bus_0224-r,224
bus_0225-l,225
bus_0225-r,225
bus_0226-l,226
bus_0226-r,226
bus_0227-l,227
bus_0227-r,227
bus_0228-l,228
bus_0228-r,228
bus_0229-l,229
bus_0229-r,229
bus_0230-l,230
bus_0230-r,230
bus_0231-l,231
bus_0231-r,231
bus_0232-l,232
bus_0232-r,232
bus_0233-s,233
bus_0234-l,234
bus_0234-r,234
bus_0235-l,235
bus_0235-r,235
bus_0236-l,236
bus_0236-r,236
bus_0237-l,237
bus_0237-r,237
bus_0238-l,238
bus_0238-r,238
bus_0239-l,239
bus_0239-r,239
bus_0240-l,240
bus_0240-r,240
bus_0241-l,241
bus_0241-r,241
bus_0242-l,242
bus_0242-r,242
bus_0243-l,243
bus_0243-r,243
bus_0244-l,244
bus_0244-r,244
bus_0245-l,245
bus_0245-r,245
bus_0246-l,246
bus_0246-r,246
bus_0247-l,247
bus_0247-r,247
bus_0248-l,248
bus_0248-r,248
bus_0249-l,249
bus_0249-r,249
bus_0250-l,250
bus_0250-r,250
bus_0251-l,251
bus_0251-r,251
bus_0252-l,252
bus_0252-r,252
bus_0253-l,253
bus_0253-r,253
bus_0254-l,254
bus_0254-r,254
bus_0255-l,255
bus_0255-r,255
bus_0256-l,256
bus_0256-r,256
bus_0257-l,257
bus_0257-r,257
bus_0258-l,258
bus_0258-r,258
bus_0259-l,259
bus_0259-r,259
bus_0260-l,260
bus_0260-r,260
bus_0261-l,261
bus_0261-r,261
bus_0262-l,262
bus_0262-r,262
bus_0263-l,263
bus_0263-r,263
bus_0264-l,264
bus_0264-r,264
bus_0265-s,265
bus_0266-l,266
bus_0266-r,266
bus_0267-l,267
bus_0267-r,267
bus_0268-l,268
bus_0268-r,268
bus_0269-l,269
bus_0269-r,269
bus_0270-l,270
bus_0270-r,270
bus_0271-l,271
bus_0271-r,271
bus_0272-l,272
bus_0272-r,272
bus_0273-l,273
bus_0273-r,273
bus_0274-l,274
bus_0274-r,274
bus_0275-l,275
bus_0275-r,275
bus_0276-l,276
bus_0276-r,276
bus_0277-l,277
bus_0277-r,277
bus_0278-s,278
bus_0279-l,279
bus_0279-r,279
bus_0280-l,280
bus_0280-r,280
bus_0281-l,281
bus_0281-r,281
bus_0282-l,282
bus_0282-r,282
bus_0283-l,283
bus_0283-r,283
bus_0284-l,284
bus_0284-r,284
bus_0285-l,285
bus_0285-r,285
bus_0286-l,286
bus_0286-r,286
bus_0287-l,287
bus_0287-r,287
bus_0288-l,288
bus_0288-r,288
bus_0289-l,289
bus_0289-r,289
bus_0290-l,290
bus_0290-r,290
bus_0291-l,291
bus_0291-r,291
bus_0292-l,292
bus_0292-r,292
bus_0293-s,293
bus_0294-l,294
bus_0294-r,294
bus_0295-l,295
bus_0295-r,295
bus_0296-l,296
bus_0296-r,296
bus_0297-l,297
bus_0297-r,297
bus_0298-l,298
bus_0298-r,298
bus_0299-l,299
bus_0299-r,299
bus_0300-l,300
bus_0300-r,300
bus_0301-l,301
bus_0301-r,301
bus_0302-s,302
bus_0303-l,303
bus_0303-r,303
bus_0304-l,304
bus_0304-r,304
bus_0305-l,305
bus_0305-r,305
bus_0306-l,306
bus_0306-r,306
bus_0307-l,307
bus_0307-r,307
bus_0308-l,308
bus_0308-r,308
bus_0309-l,309
bus_0309-r,309
bus_0310-l,310
bus_0310-r,310
bus_0311-l,311
bus_0311-r,311
bus_0312-s,312
bus_0313-l,313
bus_0313-r,313
bus_0314-l,314
bus_0314-r,314
bus_0315-l,315
bus_0315-r,315
bus_0316-l,316
bus_0316-r,316
bus_0317-l,317
bus_0317-r,317
bus_0318-l,318
bus_0318-r,318
bus_0319-l,319
bus_0319-r,319
bus_0320-l,320
bus_0320-r,320
bus_0321-s,321
bus_0322-s,322
bus_0323-s,323
bus_0324-s,324
bus_0325-l,325
bus_0325-r,325
bus_0326-l,326
bus_0326-r,326
bus_0327-l,327
bus_0327-r,327
bus_0328-l,328
bus_0328-r,328
bus_0329-l,329
bus_0329-r,329
bus_0330-l,330
bus_0330-r,330
bus_0331-s,331
bus_0332-l,332
bus_0332-r,332
bus_0333-s,333
bus_0334-l,334
bus_0334-r,334
bus_0335-l,335
bus_0335-r,335
bus_0336-s,336
bus_0337-l,337
bus_0337-r,337
bus_0338-l,338
bus_0338-r,338
bus_0339-l,339
bus_0339-r,339
bus_0340-l,340
bus_0340-r,340
bus_0341-l,341
bus_0341-r,341
bus_0342-l,342
bus_0342-r,342
bus_0343-l,343
bus_0343-r,343
bus_0344-l,344
bus_0344-r,344
bus_0345-l,345
bus_0345-r,345
bus_0346-l,346
bus_0346-r,346
bus_0347-s,347
bus_0348-l,348
bus_0348-r,348
bus_0349-l,349
bus_0349-r,349
bus_0350-l,350
bus_0350-r,350
bus_0351-l,351
bus_0351-r,351
bus_0352-l,352
bus_0352-r,352
bus_0353-l,353
bus_0353-r,353
bus_0354-s,354
bus_0355-s,355
bus_0356-l,356
bus_0356-r,356
bus_0357-l,357
bus_0357-r,357
bus_0358-l,358
bus_0358-r,358
bus_0359-l,359
bus_0359-r,359
bus_0360-l,360
bus_0360-r,360
bus_0361-l,361
bus_0361-r,361
bus_0362-l,362
bus_0362-r,362
bus_0363-l,363
bus_0363-r,363
bus_0364-l,364
bus_0364-r,364
bus_0365-l,365
bus_0365-r,365
bus_0366-l,366
bus_0366-r,366
bus_0367-l,367
bus_0367-r,367
bus_0368-l,368
bus_0368-r,368
bus_0369-l,369
bus_0369-r,369
bus_0370-l,370
bus_0370-r,370
bus_0371-l,371
bus_0371-r,371
bus_0372-l,372
bus_0372-r,372
bus_0373-l,373
bus_0373-r,373
bus_0374-l,374
bus_0374-r,374
bus_0375-l,375
bus_0375-r,375
bus_0376-l,376
bus_0376-r,376
bus_0377-l,377
bus_0377-r,377
bus_0378-l,378
bus_0378-r,378
bus_0379-l,379
bus_0379-r,379
bus_0380-l,380
bus_0380-r,380
bus_0381-l,381
bus_0381-r,381
bus_0382-l,382
bus_0382-r,382
bus_0383-l,383
bus_0383-r,383
bus_0384-l,384
bus_0384-r,384
bus_0385-l,385
bus_0385-r,385
bus_0386-l,386
bus_0386-r,386
bus_0387-l,387
bus_0387-r,387
bus_0388-l,388
bus_0388-r,388
bus_0389-l,389
bus_0389-r,389
bus_0390-l,390
bus_0390-r,390
bus_0391-l,391
bus_0391-r,391
bus_0392-l,392
bus_0392-r,392
bus_0393-l,393
bus_0393-r,393
bus_0394-l,394
bus_0394-r,394
bus_0395-l,395
bus_0395-r,395
bus_0396-l,396
bus_0396-r,396
bus_0397-l,397
bus_0397-r,397
bus_0398-l,398
bus_0398-r,398
bus_0399-l,399
bus_0399-r,399
bus_0400-l,400
bus_0400-r,400
bus_0401-l,401
bus_0401-r,401
bus_0402-l,402
bus_0402-r,402
bus_0403-l,403
bus_0403-r,403
bus_0404-l,404
bus_0404-r,404
bus_0405-l,405
bus_0405-r,405
bus_0406-l,406
bus_0406-r,406
bus_0407-l,407
bus_0407-r,407
bus_0408-l,408
bus_0408-r,408
bus_0409-l,409
bus_0409-r,409
bus_0410-l,410
bus_0410-r,410
bus_0411-l,411
bus_0411-r,411
bus_0412-l,412
bus_0412-r,412
bus_0413-l,413
bus_0413-r,413
bus_0414-l,414
bus_0414-r,414
bus_0415-l,415
bus_0415-r,415
bus_0416-l,416
bus_0416-r,416
bus_0417-l,417
bus_0417-r,417
bus_0418-l,418
bus_0418-r,418
bus_0419-l,419
bus_0419-r,419
bus_0420-l,420
bus_0420-r,420
bus_0421-l,421
bus_0421-r,421
bus_0422-l,422
bus_0422-r,422
bus_0423-l,423
bus_0423-r,423
bus_0424-l,424
bus_0424-r,424
bus_0425-l,425
bus_0425-r,425
bus_0426-l,426
bus_0426-r,426
bus_0427-l,427
bus_0427-r,427
bus_0428-l,428
bus_0428-r,428
bus_0429-l,429
bus_0429-r,429
bus_0430-l,430
bus_0430-r,430
bus_0431-l,431
bus_0431-r,431
bus_0432-l,432
bus_0432-r,432
bus_0433-l,433
bus_0433-r,433
bus_0434-l,434
bus_0434-r,434
bus_0435-l,435
bus_0435-r,435
bus_0436-l,436
bus_0436-r,436
bus_0437-l,437
bus_0437-r,437
bus_0438-l,438
bus_0438-r,438
bus_0439-l,439
bus_0439-r,439
bus_0440-l,440
bus_0440-r,440
bus_0441-l,441
bus_0441-r,441
bus_0442-l,442
bus_0442-r,442
bus_0443-l,443
bus_0443-r,443
bus_0444-l,444
bus_0444-r,444
bus_0445-l,445
bus_0445-r,445
bus_0446-l,446
bus_0446-r,446
bus_0447-l,447
bus_0447-r,447
bus_0448-l,448
bus_0448-r,448
bus_0449-l,449
bus_0449-r,449
bus_0450-l,450
bus_0450-r,450
bus_0451-l,451
bus_0451-r,451
bus_0452-l,452
bus_0452-r,452
bus_0453-l,453
bus_0453-r,453
bus_0454-l,454
bus_0454-r,454
bus_0455-l,455
bus_0455-r,455
bus_0456-l,456
bus_0456-r,456
bus_0457-l,457
bus_0457-r,457
bus_0458-l,458
bus_0458-r,458
bus_0459-l,459
bus_0459-r,459
bus_0460-l,460
bus_0460-r,460
bus_0461-l,461
bus_0461-r,461
bus_0462-l,462
bus_0462-r,462
bus_0463-l,463
bus_0463-r,463
bus_0464-l,464
bus_0464-r,464
bus_0465-l,465
bus_0465-r,465
bus_0466-l,466
bus_0466-r,466
bus_0467-l,467
bus_0467-r,467
bus_0468-l,468
bus_0468-r,468
bus_0469-l,469
bus_0469-r,469
bus_0470-l,470
bus_0470-r,470
bus_0471-l,471
bus_0471-r,471
bus_0472-l,472
bus_0472-r,472
bus_0473-l,473
bus_0473-r,473
bus_0474-l,474
bus_0474-r,474
bus_0475-l,475
bus_0475-r,475
bus_0476-l,476
bus_0476-r,476
bus_0477-l,477
bus_0477-r,477
bus_0478-l,478
bus_0478-r,478
bus_0479-l,479
bus_0479-r,479
bus_0480-l,480
bus_0480-r,480
bus_0481-l,481
bus_0481-r,481
bus_0482-l,482
bus_0482-r,482
bus_0483-l,483
bus_0483-r,483
bus_0484-l,484
bus_0484-r,484
bus_0485-l,485
bus_0485-r,485
bus_0486-l,486
bus_0486-r,486
bus_0487-l,487
bus_0487-r,487
bus_0488-l,488
bus_0488-r,488
bus_0489-l,489
bus_0489-r,489
bus_0490-l,490
bus_0490-r,490
bus_0491-l,491
bus_0491-r,491
bus_0492-l,492
bus_0492-r,492
bus_0493-l,493
bus_0493-r,493
bus_0494-l,494
bus_0494-r,494
bus_0495-l,495
bus_0495-r,495
bus_0496-l,496
bus_0496-r,496
bus_0497-l,497
bus_0497-r,497
bus_0498-l,498
bus_0498-r,498
bus_0499-l,499
bus_0499-r,499
bus_0500-l,500
bus_0500-r,500
bus_0501-l,501
bus_0501-r,501
bus_0502-l,502
bus_0502-r,502
bus_0503-l,503
bus_0503-r,503
bus_0504-l,504
bus_0504-r,504
bus_0505-l,505
bus_0505-r,505
bus_0506-l,506
bus_0506-r,506
bus_0507-l,507
bus_0507-r,507
bus_0508-l,508
bus_0508-r,508
bus_0509-l,509
bus_0509-r,509
bus_0510-l,510
bus_0510-r,510
bus_0511-l,511
bus_0511-r,511
bus_0512-l,512
bus_0512-r,512
bus_0513-l,513
bus_0513-r,513
bus_0514-l,514
bus_0514-r,514
bus_0515-l,515
bus_0515-r,515
bus_0516-l,516
bus_0516-r,516
bus_0517-l,517
bus_0517-r,517
bus_0518-l,518
bus_0518-r,518
bus_0519-l,519
bus_0519-r,519
bus_0520-l,520
bus_0520-r,520
bus_0521-l,521
bus_0521-r,521
bus_0522-l,522
bus_0522-r,522
bus_0523-l,523
bus_0523-r,523
bus_0524-l,524
bus_0524-r,524
bus_0525-l,525
bus_0525-r,525
bus_0526-l,526
bus_0526-r,526
bus_0527-l,527
bus_0527-r,527
bus_0528-l,528
bus_0528-r,528
bus_0529-l,529
bus_0529-r,529
bus_0530-l,530
bus_0530-r,530
bus_0531-l,531
bus_0531-r,531
bus_0532-l,532
bus_0532-r,532
bus_0533-l,533
bus_0533-r,533
bus_0534-l,534
bus_0534-r,534
bus_0535-l,535
bus_0535-r,535
bus_0536-l,536
bus_0536-r,536
bus_0537-l,537
bus_0537-r,537
bus_0538-l,538
bus_0538-r,538
bus_0539-l,539
bus_0539-r,539
bus_0540-l,540
bus_0540-r,540
bus_0541-l,541
bus_0541-r,541
bus_0542-l,542
bus_0542-r,542
bus_0543-l,543
bus_0543-r,543
bus_0544-l,544
bus_0544-r,544
bus_0545-l,545
bus_0545-r,545
bus_0546-l,546
bus_0546-r,546
bus_0547-l,547
bus_0547-r,547
bus_0548-l,548
bus_0548-r,548
bus_0549-l,549
bus_0549-r,549
bus_0550-l,550
bus_0550-r,550
bus_0551-l,551
bus_0551-r,551
bus_0552-l,552
bus_0552-r,552
bus_0553-l,553
bus_0553-r,553
bus_0554-l,554
bus_0554-r,554
bus_0555-l,555
bus_0555-r,555
bus_0556-l,556
bus_0556-r,556
bus_0557-l,557
bus_0557-r,557
bus_0558-l,558
bus_0558-r,558
bus_0559-l,559
bus_0559-r,559
bus_0560-l,560
bus_0560-r,560
bus_0561-l,561
bus_0561-r,561
bus_0562-l,562
bus_0562-r,562
bus_0563-l,563
bus_0563-r,563
bus_0564-l,564
bus_0564-r,564
bus_0565-l,565
bus_0565-r,565
bus_0566-l,566
bus_0566-r,566
bus_0567-l,567
bus_0567-r,567
bus_0568-l,568
bus_0568-r,568
bus_0569-l,569
bus_0569-r,569
bus_0570-l,570
bus_0570-r,570
bus_0571-l,571
bus_0571-r,571
bus_0572-l,572
bus_0572-r,572
bus_0573-l,573
bus_0573-r,573
bus_0574-l,574
bus_0574-r,574
bus_0575-l,575
bus_0575-r,575
bus_0576-l,576
bus_0576-r,576
bus_0577-l,577
bus_0577-r,577
bus_0578-l,578
bus_0578-r,578
bus_0579-l,579
bus_0579-r,579
bus_0580-l,580
bus_0580-r,580
bus_0581-l,581
bus_0581-r,581
bus_0582-l,582
bus_0582-r,582
bus_0583-l,583
bus_0583-r,583
bus_0584-l,584
bus_0584-r,584
bus_0585-l,585
bus_0585-r,585
bus_0586-l,586
bus_0586-r,586
bus_0587-l,587
bus_0587-r,587
bus_0588-l,588
bus_0588-r,588
bus_0589-l,589
bus_0589-r,589
bus_0590-l,590
bus_0590-r,590
bus_0591-l,591
bus_0591-r,591
bus_0592-l,592
bus_0592-r,592
bus_0593-l,593
bus_0593-r,593
bus_0594-l,594
bus_0594-r,594
bus_0595-l,595
bus_0595-r,595
bus_0596-l,596
bus_0596-r,596
bus_0597-l,597
bus_0597-r,597
bus_0598-l,598
bus_0598-r,598
bus_0599-l,599
bus_0599-r,599
bus_0600-l,600
bus_0600-r,600
bus_0601-l,601
bus_0601-r,601
bus_0602-l,602
bus_0602-r,602
bus_0603-l,603
bus_0603-r,603
bus_0604-l,604
bus_0604-r,604
bus_0605-l,605
bus_0605-r,605
bus_0606-l,606
bus_0606-r,606
bus_0607-l,607
bus_0607-r,607
bus_0608-l,608
bus_0608-r,608
bus_0609-l,609
bus_0609-r,609
bus_0610-l,610
bus_0610-r,610
bus_0611-l,611
bus_0611-r,611
bus_0612-l,612
bus_0612-r,612
bus_0613-l,613
bus_0613-r,613
bus_0614-l,614
bus_0614-r,614
bus_0615-l,615
bus_0615-r,615
bus_0616-l,616
bus_0616-r,616
bus_0617-l,617
bus_0617-r,617
bus_0618-l,618
bus_0618-r,618
bus_0619-l,619
bus_0619-r,619
bus_0620-l,620
bus_0620-r,620
bus_0621-l,621
bus_0621-r,621
bus_0622-l,622
bus_0622-r,622
bus_0623-l,623
bus_0623-r,623
bus_0624-l,624
bus_0624-r,624
bus_0625-l,625
bus_0625-r,625
bus_0626-l,626
bus_0626-r,626
bus_0627-l,627
bus_0627-r,627
bus_0628-l,628
bus_0628-r,628
bus_0629-l,629
bus_0629-r,629
bus_0630-l,630
bus_0630-r,630
bus_0631-l,631
bus_0631-r,631
bus_0632-l,632
bus_0632-r,632
bus_0633-l,633
bus_0633-r,633
bus_0634-l,634
bus_0634-r,634
bus_0635-l,635
bus_0635-r,635
bus_0636-l,636
bus_0636-r,636
bus_0637-l,637
bus_0637-r,637
bus_0638-l,638
bus_0638-r,638
bus_0639-l,639
bus_0639-r,639
bus_0640-l,640
bus_0640-r,640
bus_0641-l,641
bus_0641-r,641
bus_0642-l,642
bus_0642-r,642
bus_0643-l,643
bus_0643-r,643
bus_0644-l,644
bus_0644-r,644
bus_0645-l,645
bus_0645-r,645
bus_0646-l,646
bus_0646-r,646
bus_0647-l,647
bus_0647-r,647
bus_0648-l,648
bus_0648-r,648
bus_0649-l,649
bus_0649-r,649
bus_0650-l,650
bus_0650-r,650
bus_0651-l,651
bus_0651-r,651
bus_0652-l,652
bus_0652-r,652
bus_0653-l,653
bus_0653-r,653
bus_0654-l,654
bus_0654-r,654
bus_0655-l,655
bus_0655-r,655
bus_0656-l,656
bus_0656-r,656
bus_0657-l,657
bus_0657-r,657
bus_0658-s,658
bus_0659-l,659
bus_0659-r,659
bus_0660-l,660
bus_0660-r,660
bus_0661-l,661
bus_0661-r,661
bus_0662-l,662
bus_0662-r,662
bus_0663-l,663
bus_0663-r,663
bus_0664-s,664
bus_0665-l,665
bus_0665-r,665
bus_0666-l,666
bus_0666-r,666
bus_0667-l,667
bus_0667-r,667
bus_0668-l,668
bus_0668-r,668
bus_0669-l,669
bus_0669-r,669
bus_0670-l,670
bus_0670-r,670
bus_0671-l,671
bus_0671-r,671
bus_0672-l,672
bus_0672-r,672
bus_0673-l,673
bus_0673-r,673
bus_0674-l,674
bus_0674-r,674
bus_0675-s,675
bus_0676-s,676
bus_0677-s,677
bus_0678-s,678
bus_0679-s,679
bus_0680-s,680
bus_0681-s,681
bus_0682-s,682
bus_0683-s,683
bus_0684-s,684
bus_0685-l,685
bus_0685-r,685
bus_0686-s,686
bus_0687-s,687
bus_0688-s,688
bus_0689-s,689
bus_0690-s,690
bus_0691-s,691
bus_0692-s,692
bus_0693-s,693
bus_0694-s,694
bus_0695-l,695
bus_0695-r,695
bus_0696-s,696
bus_0697-l,697
bus_0697-r,697
bus_0698-s,698
bus_0699-s,699
bus_0700-s,700
bus_0701-s,701
bus_0702-s,702
bus_0703-s,703
bus_0704-s,704
bus_0705-s,705
bus_0706-s,706
bus_0707-s,707
bus_0708-s,708
bus_0709-s,709
bus_0710-s,710
bus_0711-s,711
bus_0712-s,712
bus_0713-l,713
bus_0713-r,713
bus_0714-s,714
bus_0715-s,715
bus_0716-s,716
bus_0717-s,717
bus_0718-s,718
bus_0719-s,719
bus_0720-s,720
bus_0721-s,721
bus_0722-s,722
bus_0723-s,723
bus_0724-s,724
bus_0725-s,725
bus_0726-s,726
bus_0727-s,727
bus_0728-s,728
bus_0729-s,729
bus_0730-s,730
bus_0731-s,731
bus_0732-s,732
bus_0733-s,733
bus_0734-s,734
bus_0735-s,735
bus_0736-s,736
bus_0737-s,737
bus_0738-s,738
bus_0739-s,739
bus_0740-s,740
bus_0741-s,741
bus_0742-s,742
bus_0743-s,743
bus_0744-s,744
bus_0745-s,745
bus_0746-s,746
bus_0747-s,747
bus_0748-s,748
bus_0749-s,749
bus_0750-s,750
bus_0751-s,751
bus_0752-s,752
bus_0753-s,753
bus_0754-s,754
bus_0755-s,755
bus_0756-s,756
bus_0757-s,757
bus_0758-s,758
bus_0759-s,759
bus_0760-s,760
bus_0761-s,761
bus_0762-s,762
bus_0763-s,763
bus_0764-s,764
bus_0765-s,765
bus_0766-s,766
bus_0767-s,767
bus_0768-s,768
bus_0769-s,769
bus_0770-s,770
bus_0771-s,771
bus_0772-s,772
bus_0773-s,773
bus_0774-s,774
bus_0775-s,775
bus_0776-s,776
bus_0777-s,777
bus_0778-s,778
bus_0779-s,779
bus_0780-s,780
bus_0781-s,781
bus_0782-s,782
bus_0783-s,783
bus_0784-s,784
bus_0785-s,785
bus_0786-s,786
bus_0787-s,787
bus_0788-s,788
bus_0789-s,789
bus_0790-s,790
bus_0791-s,791
bus_0792-s,792
bus_0793-s,793
bus_0794-s,794
bus_0795-s,795
bus_0796-s,796
bus_0797-s,797
bus_0798-s,798
bus_0799-s,799
bus_0800-s,800
bus_0801-s,801
bus_0802-s,802
bus_0803-s,803
bus_0804-s,804
bus_0805-s,805
bus_0806-s,806
bus_0807-s,807
bus_0808-s,808
bus_0809-s,809
bus_0810-s,810
bus_0811-s,811
bus_0812-s,812
bus_0813-s,813
bus_0814-s,814
bus_0815-s,815
bus_0816-s,816
bus_0817-s,817
bus_0818-s,818
bus_0819-s,819
bus_0820-s,820
bus_0821-s,821
bus_0822-s,822
bus_0823-s,823
bus_0824-s,824
bus_0825-s,825
bus_0826-s,826
bus_0827-s,827
bus_0828-s,828
bus_0829-s,829
bus_0830-s,830
bus_0831-s,831
bus_0832-s,832
bus_0833-s,833
bus_0834-s,834
bus_0835-s,835
bus_0836-s,836
bus_0837-s,837
bus_0838-s,838
bus_0839-s,839
bus_0840-s,840
bus_0841-s,841
bus_0842-s,842
bus_0843-s,843
bus_0844-s,844
bus_0845-s,845
bus_0846-s,846
bus_0847-s,847
bus_0848-l,848
bus_0848-r,848
bus_0849-l,849
bus_0849-r,849
bus_0850-l,850
bus_0850-r,850
bus_0851-s,851
bus_0852-s,852
bus_0853-l,853
bus_0853-r,853
bus_0854-s,854
bus_0855-l,855
bus_0855-r,855
bus_0856-l,856
bus_0856-r,856
bus_0857-l,857
bus_0857-r,857
bus_0858-l,858
bus_0858-r,858
bus_0859-l,859
bus_0859-r,859
bus_0860-l,860
bus_0860-r,860
bus_0861-l,861
bus_0861-r,861
bus_0862-l,862
bus_0862-r,862
bus_0863-l,863
bus_0863-r,863
bus_0864-l,864
bus_0864-r,864
bus_0865-l,865
bus_0865-r,865
bus_0866-l,866
bus_0866-r,866
bus_0867-l,867
bus_0867-r,867
bus_0868-l,868
bus_0868-r,868
bus_0869-l,869
bus_0869-r,869
bus_0870-l,870
bus_0870-r,870
bus_0871-s,871
bus_0872-l,872
bus_0872-r,872
bus_0873-l,873
bus_0873-r,873
bus_0874-l,874
bus_0874-r,874
bus_0875-l,875
bus_0875-r,875
bus_0876-l,876
bus_0876-r,876
bus_0877-l,877
bus_0877-r,877
bus_0878-s,878
bus_0879-l,879
bus_0879-r,879
bus_0880-l,880
bus_0880-r,880
bus_0881-l,881
bus_0881-r,881
bus_0882-l,882
bus_0882-r,882
bus_0883-s,883
bus_0884-l,884
bus_0884-r,884
bus_0885-l,885
bus_0885-r,885
bus_0886-s,886
bus_0887-l,887
bus_0887-r,887
bus_0888-l,888
bus_0888-r,888
bus_0889-l,889
bus_0889-r,889
bus_0890-l,890
bus_0890-r,890
bus_0891-l,891
bus_0891-r,891
bus_0892-l,892
bus_0892-r,892
bus_0893-l,893
bus_0893-r,893
bus_0894-s,894
bus_0895-l,895
bus_0895-r,895
bus_0896-l,896
bus_0896-r,896
bus_0897-l,897
bus_0897-r,897
bus_0898-l,898
bus_0898-r,898
bus_0899-s,899
bus_0900-l,900
bus_0900-r,900
bus_0901-l,901
bus_0901-r,901
bus_0902-l,902
bus_0902-r,902
bus_0903-l,903
bus_0903-r,903
bus_0904-l,904
bus_0904-r,904
bus_0905-l,905
bus_0905-r,905
bus_0906-l,906
bus_0906-r,906
bus_0907-l,907
bus_0907-r,907
bus_0908-l,908
bus_0908-r,908
bus_0909-l,909
bus_0909-r,909
bus_0910-l,910
bus_0910-r,910
bus_0911-l,911
bus_0911-r,911
bus_0912-l,912
bus_0912-r,912
bus_0913-l,913
bus_0913-r,913
bus_0914-l,914
bus_0914-r,914
bus_0915-l,915
bus_0915-r,915
bus_0916-l,916
bus_0916-r,916
bus_0917-s,917
bus_0918-l,918
bus_0918-r,918
bus_0919-l,919
bus_0919-r,919
bus_0920-s,920
bus_0921-l,921
bus_0921-r,921
bus_0922-l,922
bus_0922-r,922
bus_0923-l,923
bus_0923-r,923
bus_0924-l,924
bus_0924-r,924
bus_0925-l,925
bus_0925-r,925
bus_0926-l,926
bus_0926-r,926
bus_0927-l,927
bus_0927-r,927
bus_0928-l,928
bus_0928-r,928
bus_0929-l,929
bus_0929-r,929
bus_0930-l,930
bus_0930-r,930
bus_0931-l,931
bus_0931-r,931
bus_0932-l,932
bus_0932-r,932
bus_0933-l,933
bus_0933-r,933
bus_0934-l,934
bus_0934-r,934
bus_0935-l,935
bus_0935-r,935
bus_0936-l,936
bus_0936-r,936
bus_0937-l,937
bus_0937-r,937
bus_0938-l,938
bus_0938-r,938
bus_0939-s,939
bus_0940-s,940
bus_0941-l,941
bus_0941-r,941
bus_0942-l,942
bus_0942-r,942
bus_0943-s,943
bus_0944-l,944
bus_0944-r,944
bus_0945-l,945
bus_0945-r,945
bus_0946-s,946
bus_0947-l,947
bus_0947-r,947
bus_0948-l,948
bus_0948-r,948
bus_0949-l,949
bus_0949-r,949
bus_0950-l,950
bus_0950-r,950
bus_0951-l,951
bus_0951-r,951
bus_0952-l,952
bus_0952-r,952
bus_0953-l,953
bus_0953-r,953
bus_0954-l,954
bus_0954-r,954
bus_0955-l,955
bus_0955-r,955
bus_0956-l,956
bus_0956-r,956
bus_0957-s,957
bus_0958-l,958
bus_0958-r,958
bus_0959-s,959
bus_0960-l,960
bus_0960-r,960
bus_0961-l,961
bus_0961-r,961
bus_0962-l,962
bus_0962-r,962
bus_0963-l,963
bus_0963-r,963
bus_0964-l,964
bus_0964-r,964
bus_0965-l,965
bus_0965-r,965
bus_0966-l,966
bus_0966-r,966
bus_0967-l,967
bus_0967-r,967
bus_0968-l,968
bus_0968-r,968
bus_0969-l,969
bus_0969-r,969
bus_0970-s,970
bus_0971-l,971
bus_0971-r,971
bus_0972-s,972
bus_0973-l,973
bus_0973-r,973
bus_0974-l,974
bus_0974-r,974
bus_0975-l,975
bus_0975-r,975
bus_0976-l,976
bus_0976-r,976
bus_0977-l,977
bus_0977-r,977
bus_0978-l,978
bus_0978-r,978
bus_0979-l,979
bus_0979-r,979
bus_0980-l,980
bus_0980-r,980
bus_0981-l,981
bus_0981-r,981
bus_0982-l,982
bus_0982-r,982
bus_0983-l,983
bus_0983-r,983
bus_0984-l,984
bus_0984-r,984
bus_0985-l,985
bus_0985-r,985
bus_0986-l,986
bus_0986-r,986
bus_0987-l,987
bus_0987-r,987
bus_0988-s,988
bus_0989-l,989
bus_0989-r,989
bus_0990-l,990
bus_0990-r,990
bus_0991-s,991
bus_0992-l,992
bus_0992-r,992
bus_0993-l,993
bus_0993-r,993
bus_0994-l,994
bus_0994-r,994
bus_0995-l,995
bus_0995-r,995
bus_0996-l,996
bus_0996-r,996
bus_0997-l,997
bus_0997-r,997
bus_0998-s,998
bus_0999-l,999
bus_0999-r,999
bus_1000-l,1000
bus_1000-r,1000
bus_1001-l,1001
bus_1001-r,1001
bus_1002-l,1002
bus_1002-r,1002
bus_1003-l,1003
bus_1003-r,1003
bus_1004-l,1004
bus_1004-r,1004
bus_1005-s,1005
bus_1006-l,1006
bus_1006-r,1006
bus_1007-l,1007
bus_1007-r,1007
bus_1008-l,1008
bus_1008-r,1008
bus_1009-l,1009
bus_1009-r,1009
bus_1010-l,1010
bus_1010-r,1010
bus_1011-l,1011
bus_1011-r,1011
bus_1012-l,1012
bus_1012-r,1012
bus_1013-l,1013
bus_1013-r,1013
bus_1014-l,1014
bus_1014-r,1014
bus_1015-s,1015
bus_1016-l,1016
bus_1016-r,1016
bus_1017-l,1017
bus_1017-r,1017
bus_1018-l,1018
bus_1018-r,1018
bus_1019-l,1019
bus_1019-r,1019
bus_1020-l,1020
bus_1020-r,1020
bus_1021-l,1021
bus_1021-r,1021
bus_1022-l,1022
bus_1022-r,1022
bus_1023-l,1023
bus_1023-r,1023
bus_1024-l,1024
bus_1024-r,1024
bus_1025-l,1025
bus_1025-r,1025
bus_1026-l,1026
bus_1026-r,1026
bus_1027-l,1027
bus_1027-r,1027
bus_1028-l,1028
bus_1028-r,1028
bus_1029-l,1029
bus_1029-r,1029
bus_1030-l,1030
bus_1030-r,1030
bus_1031-l,1031
bus_1031-r,1031
bus_1032-l,1032
bus_1032-r,1032
bus_1033-l,1033
bus_1033-r,1033
bus_1034-l,1034
bus_1034-r,1034
bus_1035-l,1035
bus_1035-r,1035
bus_1036-l,1036
bus_1036-r,1036
bus_1037-l,1037
bus_1037-r,1037
bus_1038-l,1038
bus_1038-r,1038
bus_1039-l,1039
bus_1039-r,1039
bus_1040-l,1040
bus_1040-r,1040
bus_1041-l,1041
bus_1041-r,1041
bus_1042-l,1042
bus_1042-r,1042
bus_1043-l,1043
bus_1043-r,1043
bus_1044-l,1044
bus_1044-r,1044
bus_1045-l,1045
bus_1045-r,1045
bus_1046-l,1046
bus_1046-r,1046
bus_1047-l,1047
bus_1047-r,1047
bus_1048-l,1048
bus_1048-r,1048
bus_1049-l,1049
bus_1049-r,1049
bus_1050-l,1050
bus_1050-r,1050
bus_1051-l,1051
bus_1051-r,1051
bus_1052-l,1052
bus_1052-r,1052
bus_1053-s,1053
bus_1054-l,1054
bus_1054-r,1054
bus_1055-l,1055
bus_1055-r,1055
bus_1056-l,1056
bus_1056-r,1056
bus_1057-l,1057
bus_1057-r,1057
bus_1058-l,1058
bus_1058-r,1058
bus_1059-l,1059
bus_1059-r,1059
bus_1060-s,1060
bus_1061-l,1061
bus_1061-r,1061
bus_1062-l,1062
bus_1062-r,1062
bus_1063-l,1063
bus_1063-r,1063
bus_1064-l,1064
bus_1064-r,1064
